path,name,class,current_folder,expected_folder
/Game/Characters/Mannequins/Materials/Manny/MI_Manny_02_New.MI_Manny_02_New,MI_Manny_02_New,MaterialInstanceConstant,/Game/Characters/Mannequins/Materials/Manny,/Game/Materials
/Game/Characters/Mannequins/Materials/Manny/MI_Manny_01_New.MI_Manny_01_New,MI_Manny_01_New,MaterialInstanceConstant,/Game/Characters/Mannequins/Materials/Manny,/Game/Materials
/Game/BP_MoverActor.BP_MoverActor,BP_MoverActor,Blueprint,/Game,/Game/Blueprints
/Game/BP_GlassStatue.BP_GlassStatue,BP_GlassStatue,Blueprint,/Game,/Game/Blueprints
/Game/BP_Door.BP_Door,BP_Door,Blueprint,/Game,/Game/Blueprints
/Game/Characters/Mannequins/Materials/M_Mannequin.M_Mannequin,M_Mannequin,Material,/Game/Characters/Mannequins/Materials,/Game/Materials
/Game/Characters/Mannequins/Textures/Shared/T_UE_Logo_M.T_UE_Logo_M,T_UE_Logo_M,Texture2D,/Game/Characters/Mannequins/Textures/Shared,/Game/Textures
/Game/Input/Touch/UI_TouchSimple.UI_TouchSimple,UI_TouchSimple,WidgetBlueprint,/Game/Input/Touch,/Game/UI
/Game/Input/Touch/UI_Thumbstick.UI_Thumbstick,UI_Thumbstick,WidgetBlueprint,/Game/Input/Touch,/Game/UI
/Game/Characters/Mannequins/Textures/Manny/T_Manny_02_MRA.T_Manny_02_MRA,T_Manny_02_MRA,Texture2D,/Game/Characters/Mannequins/Textures/Manny,/Game/Textures
/Game/Characters/Mannequins/Textures/Manny/T_Manny_02_D.T_Manny_02_D,T_Manny_02_D,Texture2D,/Game/Characters/Mannequins/Textures/Manny,/Game/Textures
/Game/Characters/Mannequins/Textures/Manny/T_Manny_02_BN.T_Manny_02_BN,T_Manny_02_BN,Texture2D,/Game/Characters/Mannequins/Textures/Manny,/Game/Textures
/Game/Characters/Mannequins/Textures/Manny/T_Manny_01_MRA.T_Manny_01_MRA,T_Manny_01_MRA,Texture2D,/Game/Characters/Mannequins/Textures/Manny,/Game/Textures
/Game/Characters/Mannequins/Textures/Manny/T_Manny_01_D.T_Manny_01_D,T_Manny_01_D,Texture2D,/Game/Characters/Mannequins/Textures/Manny,/Game/Textures
/Game/Characters/Mannequins/Textures/Manny/T_Manny_01_BN.T_Manny_01_BN,T_Manny_01_BN,Texture2D,/Game/Characters/Mannequins/Textures/Manny,/Game/Textures
/Game/LevelPrototyping/Interactable/Door/Assets/Meshes/SM_DoorFrame_Edge.SM_DoorFrame_Edge,SM_DoorFrame_Edge,StaticMesh,/Game/LevelPrototyping/Interactable/Door/Assets/Meshes,/Game/Meshes
/Game/Characters/Mannequins/Anims/Unarmed/ABP_Unarmed.ABP_Unarmed,ABP_Unarmed,AnimBlueprint,/Game/Characters/Mannequins/Anims/Unarmed,/Game/Animations/AnimBlueprints
/Game/Characters/Mannequins/Anims/Unarmed/BS_Idle_Walk_Run.BS_Idle_Walk_Run,BS_Idle_Walk_Run,BlendSpace,/Game/Characters/Mannequins/Anims/Unarmed,/Game/Animations/BlendSpaces
/Game/Characters/Mannequins/Anims/Unarmed/Walk/MF_Unarmed_Walk_Right.MF_Unarmed_Walk_Right,MF_Unarmed_Walk_Right,AnimSequence,/Game/Characters/Mannequins/Anims/Unarmed/Walk,/Game/Animations
/Game/Characters/Mannequins/Anims/Unarmed/Walk/MF_Unarmed_Walk_Left.MF_Unarmed_Walk_Left,MF_Unarmed_Walk_Left,AnimSequence,/Game/Characters/Mannequins/Anims/Unarmed/Walk,/Game/Animations
/Game/Characters/Mannequins/Anims/Unarmed/Walk/MF_Unarmed_Walk_Fwd_Right.MF_Unarmed_Walk_Fwd_Right,MF_Unarmed_Walk_Fwd_Right,AnimSequence,/Game/Characters/Mannequins/Anims/Unarmed/Walk,/Game/Animations
/Game/Characters/Mannequins/Anims/Unarmed/Walk/MF_Unarmed_Walk_Fwd_Left.MF_Unarmed_Walk_Fwd_Left,MF_Unarmed_Walk_Fwd_Left,AnimSequence,/Game/Characters/Mannequins/Anims/Unarmed/Walk,/Game/Animations
/Game/Characters/Mannequins/Anims/Unarmed/Walk/MF_Unarmed_Walk_Fwd.MF_Unarmed_Walk_Fwd,MF_Unarmed_Walk_Fwd,AnimSequence,/Game/Characters/Mannequins/Anims/Unarmed/Walk,/Game/Animations
/Game/Characters/Mannequins/Anims/Unarmed/Walk/MF_Unarmed_Walk_Bwd_Right.MF_Unarmed_Walk_Bwd_Right,MF_Unarmed_Walk_Bwd_Right,AnimSequence,/Game/Characters/Mannequins/Anims/Unarmed/Walk,/Game/Animations
/Game/Characters/Mannequins/Anims/Unarmed/Walk/MF_Unarmed_Walk_Bwd_Left.MF_Unarmed_Walk_Bwd_Left,MF_Unarmed_Walk_Bwd_Left,AnimSequence,/Game/Characters/Mannequins/Anims/Unarmed/Walk,/Game/Animations
/Game/Characters/Mannequins/Anims/Unarmed/Walk/MF_Unarmed_Walk_Bwd.MF_Unarmed_Walk_Bwd,MF_Unarmed_Walk_Bwd,AnimSequence,/Game/Characters/Mannequins/Anims/Unarmed/Walk,/Game/Animations
/Game/Characters/Mannequins/Anims/Unarmed/Jog/MF_Unarmed_Jog_Right.MF_Unarmed_Jog_Right,MF_Unarmed_Jog_Right,AnimSequence,/Game/Characters/Mannequins/Anims/Unarmed/Jog,/Game/Animations
/Game/Characters/Mannequins/Anims/Unarmed/Jog/MF_Unarmed_Jog_Left.MF_Unarmed_Jog_Left,MF_Unarmed_Jog_Left,AnimSequence,/Game/Characters/Mannequins/Anims/Unarmed/Jog,/Game/Animations
/Game/Characters/Mannequins/Anims/Unarmed/Jog/MF_Unarmed_Jog_Fwd_Right.MF_Unarmed_Jog_Fwd_Right,MF_Unarmed_Jog_Fwd_Right,AnimSequence,/Game/Characters/Mannequins/Anims/Unarmed/Jog,/Game/Animations
/Game/Characters/Mannequins/Anims/Unarmed/Jog/MF_Unarmed_Jog_Fwd_Left.MF_Unarmed_Jog_Fwd_Left,MF_Unarmed_Jog_Fwd_Left,AnimSequence,/Game/Characters/Mannequins/Anims/Unarmed/Jog,/Game/Animations
/Game/Characters/Mannequins/Anims/Unarmed/Jog/MF_Unarmed_Jog_Fwd.MF_Unarmed_Jog_Fwd,MF_Unarmed_Jog_Fwd,AnimSequence,/Game/Characters/Mannequins/Anims/Unarmed/Jog,/Game/Animations
/Game/Characters/Mannequins/Anims/Unarmed/Jog/MF_Unarmed_Jog_Bwd_Right.MF_Unarmed_Jog_Bwd_Right,MF_Unarmed_Jog_Bwd_Right,AnimSequence,/Game/Characters/Mannequins/Anims/Unarmed/Jog,/Game/Animations
/Game/Characters/Mannequins/Anims/Unarmed/Jog/MF_Unarmed_Jog_Bwd_Left.MF_Unarmed_Jog_Bwd_Left,MF_Unarmed_Jog_Bwd_Left,AnimSequence,/Game/Characters/Mannequins/Anims/Unarmed/Jog,/Game/Animations
/Game/Characters/Mannequins/Anims/Unarmed/Jog/MF_Unarmed_Jog_Bwd.MF_Unarmed_Jog_Bwd,MF_Unarmed_Jog_Bwd,AnimSequence,/Game/Characters/Mannequins/Anims/Unarmed/Jog,/Game/Animations
/Game/Characters/Mannequins/Anims/Unarmed/MM_Idle.MM_Idle,MM_Idle,AnimSequence,/Game/Characters/Mannequins/Anims/Unarmed,/Game/Animations
/Game/Characters/Mannequins/Anims/Unarmed/Jump/MM_Land.MM_Land,MM_Land,AnimSequence,/Game/Characters/Mannequins/Anims/Unarmed/Jump,/Game/Animations
/Game/Characters/Mannequins/Anims/Unarmed/Jump/MM_Jump.MM_Jump,MM_Jump,AnimSequence,/Game/Characters/Mannequins/Anims/Unarmed/Jump,/Game/Animations
/Game/Characters/Mannequins/Anims/Unarmed/Jump/MM_Fall_Loop.MM_Fall_Loop,MM_Fall_Loop,AnimSequence,/Game/Characters/Mannequins/Anims/Unarmed/Jump,/Game/Animations
/Game/Characters/Mannequins/Rigs/PA_Mannequin.PA_Mannequin,PA_Mannequin,PhysicsAsset,/Game/Characters/Mannequins/Rigs,/Game/Physics
/Game/FirstPerson/Anims/ABP_FP_Copy.ABP_FP_Copy,ABP_FP_Copy,AnimBlueprint,/Game/FirstPerson/Anims,/Game/Animations/AnimBlueprints
/Game/Input/Touch/BPI_TouchInterface.BPI_TouchInterface,BPI_TouchInterface,Blueprint,/Game/Input/Touch,/Game/Blueprints
/Game/LevelPrototyping/Interactable/Door/Assets/Meshes/SM_DoorFrame_Corner.SM_DoorFrame_Corner,SM_DoorFrame_Corner,StaticMesh,/Game/LevelPrototyping/Interactable/Door/Assets/Meshes,/Game/Meshes
/Game/FirstPerson/MI_FirstPersonColorway.MI_FirstPersonColorway,MI_FirstPersonColorway,MaterialInstanceConstant,/Game/FirstPerson,/Game/Materials
/Game/LevelPrototyping/Materials/MI_DefaultColorway.MI_DefaultColorway,MI_DefaultColorway,MaterialInstanceConstant,/Game/LevelPrototyping/Materials,/Game/Materials
/Game/LevelPrototyping/Materials/M_FlatCol.M_FlatCol,M_FlatCol,Material,/Game/LevelPrototyping/Materials,/Game/Materials
/Game/BP_TestDoorLock.BP_TestDoorLock,BP_TestDoorLock,Blueprint,/Game,/Game/Blueprints
/Game/Characters/Mannequins/Meshes/SKM_Manny_Simple.SKM_Manny_Simple,SKM_Manny_Simple,SkeletalMesh,/Game/Characters/Mannequins/Meshes,/Game/Characters/Meshes
/Game/FirstPerson/Blueprints/BP_FirstPersonCharacter.BP_FirstPersonCharacter,BP_FirstPersonCharacter,Blueprint,/Game/FirstPerson/Blueprints,/Game/Blueprints
/Game/LevelPrototyping/Interactable/Door/Assets/Meshes/SM_Door.SM_Door,SM_Door,StaticMesh,/Game/LevelPrototyping/Interactable/Door/Assets/Meshes,/Game/Meshes
/Game/LevelPrototyping/Interactable/JumpPad/Assets/Meshes/SM_CircularGlow.SM_CircularGlow,SM_CircularGlow,StaticMesh,/Game/LevelPrototyping/Interactable/JumpPad/Assets/Meshes,/Game/Meshes
/Game/LevelPrototyping/Interactable/JumpPad/Assets/Materials/M_GradientGlow.M_GradientGlow,M_GradientGlow,Material,/Game/LevelPrototyping/Interactable/JumpPad/Assets/Materials,/Game/Materials
/Game/LevelPrototyping/Interactable/JumpPad/Assets/Meshes/SM_CircularBand.SM_CircularBand,SM_CircularBand,StaticMesh,/Game/LevelPrototyping/Interactable/JumpPad/Assets/Meshes,/Game/Meshes
/Game/LevelPrototyping/Interactable/JumpPad/Assets/Materials/M_SimpleGlow.M_SimpleGlow,M_SimpleGlow,Material,/Game/LevelPrototyping/Interactable/JumpPad/Assets/Materials,/Game/Materials
/Game/LevelPrototyping/Interactable/Target/Assets/SM_TargetBaseMesh.SM_TargetBaseMesh,SM_TargetBaseMesh,StaticMesh,/Game/LevelPrototyping/Interactable/Target/Assets,/Game/Meshes
/Game/LevelPrototyping/Meshes/SM_QuarterCylinder.SM_QuarterCylinder,SM_QuarterCylinder,StaticMesh,/Game/LevelPrototyping/Meshes,/Game/Meshes
/Game/LevelPrototyping/Meshes/SM_Cylinder.SM_Cylinder,SM_Cylinder,StaticMesh,/Game/LevelPrototyping/Meshes,/Game/Meshes
/Game/LevelPrototyping/Materials/MI_PrototypeGrid_Gray.MI_PrototypeGrid_Gray,MI_PrototypeGrid_Gray,MaterialInstanceConstant,/Game/LevelPrototyping/Materials,/Game/Materials
/Game/LevelPrototyping/Materials/M_PrototypeGrid.M_PrototypeGrid,M_PrototypeGrid,Material,/Game/LevelPrototyping/Materials,/Game/Materials
/Game/LevelPrototyping/Materials/MF_ProcGrid.MF_ProcGrid,MF_ProcGrid,MaterialFunction,/Game/LevelPrototyping/Materials,/Game/Materials/Functions
/Game/LevelPrototyping/Textures/T_GridChecker_A.T_GridChecker_A,T_GridChecker_A,Texture2D,/Game/LevelPrototyping/Textures,/Game/Textures
/Game/LevelPrototyping/Meshes/SM_ChamferCube.SM_ChamferCube,SM_ChamferCube,StaticMesh,/Game/LevelPrototyping/Meshes,/Game/Meshes
/Game/Characters/Mannequins/Meshes/SKM_Quinn_Simple.SKM_Quinn_Simple,SKM_Quinn_Simple,SkeletalMesh,/Game/Characters/Mannequins/Meshes,/Game/Characters/Meshes
/Game/Characters/Mannequins/Materials/Quinn/MI_Quinn_02.MI_Quinn_02,MI_Quinn_02,MaterialInstanceConstant,/Game/Characters/Mannequins/Materials/Quinn,/Game/Materials
/Game/Characters/Mannequins/Textures/Quinn/T_Quinn_02_N.T_Quinn_02_N,T_Quinn_02_N,Texture2D,/Game/Characters/Mannequins/Textures/Quinn,/Game/Textures
/Game/Characters/Mannequins/Textures/Quinn/T_Quinn_02_MRA.T_Quinn_02_MRA,T_Quinn_02_MRA,Texture2D,/Game/Characters/Mannequins/Textures/Quinn,/Game/Textures
/Game/Characters/Mannequins/Textures/Quinn/T_Quinn_02_D.T_Quinn_02_D,T_Quinn_02_D,Texture2D,/Game/Characters/Mannequins/Textures/Quinn,/Game/Textures
/Game/FirstPerson/Blueprints/BP_FirstPersonCameraManager.BP_FirstPersonCameraManager,BP_FirstPersonCameraManager,Blueprint,/Game/FirstPerson/Blueprints,/Game/Blueprints
/Game/FirstPerson/Blueprints/BP_FirstPersonPlayerController.BP_FirstPersonPlayerController,BP_FirstPersonPlayerController,Blueprint,/Game/FirstPerson/Blueprints,/Game/Blueprints
/Game/FirstPerson/Blueprints/BP_FirstPersonGameMode.BP_FirstPersonGameMode,BP_FirstPersonGameMode,Blueprint,/Game/FirstPerson/Blueprints,/Game/Blueprints
/Game/Characters/Mannequins/Materials/Quinn/MI_Quinn_01.MI_Quinn_01,MI_Quinn_01,MaterialInstanceConstant,/Game/Characters/Mannequins/Materials/Quinn,/Game/Materials
/Game/Characters/Mannequins/Textures/Quinn/T_Quinn_01_N.T_Quinn_01_N,T_Quinn_01_N,Texture2D,/Game/Characters/Mannequins/Textures/Quinn,/Game/Textures
/Game/Characters/Mannequins/Textures/Quinn/T_Quinn_01_MRA.T_Quinn_01_MRA,T_Quinn_01_MRA,Texture2D,/Game/Characters/Mannequins/Textures/Quinn,/Game/Textures
/Game/Characters/Mannequins/Textures/Quinn/T_Quinn_01_D.T_Quinn_01_D,T_Quinn_01_D,Texture2D,/Game/Characters/Mannequins/Textures/Quinn,/Game/Textures
/Game/Characters/Mannequins/Textures/Manny/T_Manny_02_N.T_Manny_02_N,T_Manny_02_N,Texture2D,/Game/Characters/Mannequins/Textures/Manny,/Game/Textures
/Game/Characters/Mannequins/Anims/Pistol/MF_Pistol_Idle_ADS.MF_Pistol_Idle_ADS,MF_Pistol_Idle_ADS,AnimSequence,/Game/Characters/Mannequins/Anims/Pistol,/Game/Animations
/Game/Characters/Mannequins/Anims/Pistol/MM_Pistol_DryFire.MM_Pistol_DryFire,MM_Pistol_DryFire,AnimSequence,/Game/Characters/Mannequins/Anims/Pistol,/Game/Animations
/Game/Characters/Mannequins/Anims/Pistol/MM_Pistol_Equip.MM_Pistol_Equip,MM_Pistol_Equip,AnimSequence,/Game/Characters/Mannequins/Anims/Pistol,/Game/Animations
/Game/Characters/Mannequins/Anims/Pistol/MM_Pistol_Fire.MM_Pistol_Fire,MM_Pistol_Fire,AnimSequence,/Game/Characters/Mannequins/Anims/Pistol,/Game/Animations
/Game/Characters/Mannequins/Anims/Pistol/MM_Pistol_Fire_Montage.MM_Pistol_Fire_Montage,MM_Pistol_Fire_Montage,AnimMontage,/Game/Characters/Mannequins/Anims/Pistol,/Game/Animations/Montages
/Game/Characters/Mannequins/Anims/Pistol/MM_Pistol_Reload.MM_Pistol_Reload,MM_Pistol_Reload,AnimSequence,/Game/Characters/Mannequins/Anims/Pistol,/Game/Animations
/Game/Characters/Mannequins/Anims/Pistol/Aim/MF_Pistol_Idle_ADS1.MF_Pistol_Idle_ADS1,MF_Pistol_Idle_ADS1,AnimSequence,/Game/Characters/Mannequins/Anims/Pistol/Aim,/Game/Animations
/Game/Characters/Mannequins/Anims/Pistol/Aim/MF_Pistol_Idle_ADS_AO_CD.MF_Pistol_Idle_ADS_AO_CD,MF_Pistol_Idle_ADS_AO_CD,AnimSequence,/Game/Characters/Mannequins/Anims/Pistol/Aim,/Game/Animations
/Game/Characters/Mannequins/Anims/Pistol/Aim/MF_Pistol_Idle_ADS_AO_CU.MF_Pistol_Idle_ADS_AO_CU,MF_Pistol_Idle_ADS_AO_CU,AnimSequence,/Game/Characters/Mannequins/Anims/Pistol/Aim,/Game/Animations
/Game/Characters/Mannequins/Anims/Pistol/Jump/MM_Pistol_Jump_Fall_Loop.MM_Pistol_Jump_Fall_Loop,MM_Pistol_Jump_Fall_Loop,AnimSequence,/Game/Characters/Mannequins/Anims/Pistol/Jump,/Game/Animations
/Game/Characters/Mannequins/Anims/Pistol/Jump/MM_Pistol_Jump_RecoveryAdditive.MM_Pistol_Jump_RecoveryAdditive,MM_Pistol_Jump_RecoveryAdditive,AnimSequence,/Game/Characters/Mannequins/Anims/Pistol/Jump,/Game/Animations
/Game/Characters/Mannequins/Anims/Pistol/Jump/MM_Pistol_Jump_Start.MM_Pistol_Jump_Start,MM_Pistol_Jump_Start,AnimSequence,/Game/Characters/Mannequins/Anims/Pistol/Jump,/Game/Animations
/Game/Characters/Mannequins/Anims/Pistol/Jog/MF_Pistol_Jog_Bwd.MF_Pistol_Jog_Bwd,MF_Pistol_Jog_Bwd,AnimSequence,/Game/Characters/Mannequins/Anims/Pistol/Jog,/Game/Animations
/Game/Characters/Mannequins/Anims/Pistol/Jog/MF_Pistol_Jog_Bwd_Left.MF_Pistol_Jog_Bwd_Left,MF_Pistol_Jog_Bwd_Left,AnimSequence,/Game/Characters/Mannequins/Anims/Pistol/Jog,/Game/Animations
/Game/Characters/Mannequins/Anims/Pistol/Jog/MF_Pistol_Jog_Bwd_Right.MF_Pistol_Jog_Bwd_Right,MF_Pistol_Jog_Bwd_Right,AnimSequence,/Game/Characters/Mannequins/Anims/Pistol/Jog,/Game/Animations
/Game/Characters/Mannequins/Anims/Pistol/Jog/MF_Pistol_Jog_Fwd.MF_Pistol_Jog_Fwd,MF_Pistol_Jog_Fwd,AnimSequence,/Game/Characters/Mannequins/Anims/Pistol/Jog,/Game/Animations
/Game/Characters/Mannequins/Anims/Pistol/Jog/MF_Pistol_Jog_Fwd_Left.MF_Pistol_Jog_Fwd_Left,MF_Pistol_Jog_Fwd_Left,AnimSequence,/Game/Characters/Mannequins/Anims/Pistol/Jog,/Game/Animations
/Game/Characters/Mannequins/Anims/Pistol/Jog/MF_Pistol_Jog_Fwd_Right.MF_Pistol_Jog_Fwd_Right,MF_Pistol_Jog_Fwd_Right,AnimSequence,/Game/Characters/Mannequins/Anims/Pistol/Jog,/Game/Animations
/Game/Characters/Mannequins/Anims/Pistol/Jog/MF_Pistol_Jog_Left.MF_Pistol_Jog_Left,MF_Pistol_Jog_Left,AnimSequence,/Game/Characters/Mannequins/Anims/Pistol/Jog,/Game/Animations
/Game/Characters/Mannequins/Anims/Pistol/Jog/MF_Pistol_Jog_Right.MF_Pistol_Jog_Right,MF_Pistol_Jog_Right,AnimSequence,/Game/Characters/Mannequins/Anims/Pistol/Jog,/Game/Animations
/Game/Characters/Mannequins/Anims/Pistol/Walk/MF_Pistol_Walk_Bwd.MF_Pistol_Walk_Bwd,MF_Pistol_Walk_Bwd,AnimSequence,/Game/Characters/Mannequins/Anims/Pistol/Walk,/Game/Animations
/Game/Characters/Mannequins/Anims/Pistol/Walk/MF_Pistol_Walk_Bwd_Left.MF_Pistol_Walk_Bwd_Left,MF_Pistol_Walk_Bwd_Left,AnimSequence,/Game/Characters/Mannequins/Anims/Pistol/Walk,/Game/Animations
/Game/Characters/Mannequins/Anims/Pistol/Walk/MF_Pistol_Walk_Bwd_Right.MF_Pistol_Walk_Bwd_Right,MF_Pistol_Walk_Bwd_Right,AnimSequence,/Game/Characters/Mannequins/Anims/Pistol/Walk,/Game/Animations
/Game/Characters/Mannequins/Anims/Pistol/Walk/MF_Pistol_Walk_Fwd.MF_Pistol_Walk_Fwd,MF_Pistol_Walk_Fwd,AnimSequence,/Game/Characters/Mannequins/Anims/Pistol/Walk,/Game/Animations
/Game/Characters/Mannequins/Anims/Pistol/Walk/MF_Pistol_Walk_Fwd_Left.MF_Pistol_Walk_Fwd_Left,MF_Pistol_Walk_Fwd_Left,AnimSequence,/Game/Characters/Mannequins/Anims/Pistol/Walk,/Game/Animations
/Game/Characters/Mannequins/Anims/Pistol/Walk/MF_Pistol_Walk_Fwd_Right.MF_Pistol_Walk_Fwd_Right,MF_Pistol_Walk_Fwd_Right,AnimSequence,/Game/Characters/Mannequins/Anims/Pistol/Walk,/Game/Animations
/Game/Characters/Mannequins/Anims/Pistol/Walk/MF_Pistol_Walk_Left.MF_Pistol_Walk_Left,MF_Pistol_Walk_Left,AnimSequence,/Game/Characters/Mannequins/Anims/Pistol/Walk,/Game/Animations
/Game/Characters/Mannequins/Anims/Pistol/Walk/MF_Pistol_Walk_Right.MF_Pistol_Walk_Right,MF_Pistol_Walk_Right,AnimSequence,/Game/Characters/Mannequins/Anims/Pistol/Walk,/Game/Animations
/Game/Characters/Mannequins/Anims/Death/MM_Death_Back_01.MM_Death_Back_01,MM_Death_Back_01,AnimSequence,/Game/Characters/Mannequins/Anims/Death,/Game/Animations
/Game/Characters/Mannequins/Anims/Death/MM_Death_Front_01.MM_Death_Front_01,MM_Death_Front_01,AnimSequence,/Game/Characters/Mannequins/Anims/Death,/Game/Animations
/Game/Characters/Mannequins/Anims/Death/MM_Death_Front_02.MM_Death_Front_02,MM_Death_Front_02,AnimSequence,/Game/Characters/Mannequins/Anims/Death,/Game/Animations
/Game/Characters/Mannequins/Anims/Death/MM_Death_Front_03.MM_Death_Front_03,MM_Death_Front_03,AnimSequence,/Game/Characters/Mannequins/Anims/Death,/Game/Animations
/Game/Characters/Mannequins/Anims/Death/MM_Death_Left_01.MM_Death_Left_01,MM_Death_Left_01,AnimSequence,/Game/Characters/Mannequins/Anims/Death,/Game/Animations
/Game/Characters/Mannequins/Anims/Death/MM_Death_Right_01.MM_Death_Right_01,MM_Death_Right_01,AnimSequence,/Game/Characters/Mannequins/Anims/Death,/Game/Animations
/Game/Characters/Mannequins/Anims/Rifle/MF_Rifle_Idle_ADS.MF_Rifle_Idle_ADS,MF_Rifle_Idle_ADS,AnimSequence,/Game/Characters/Mannequins/Anims/Rifle,/Game/Animations
/Game/Characters/Mannequins/Anims/Rifle/MM_Rifle_DryFire.MM_Rifle_DryFire,MM_Rifle_DryFire,AnimSequence,/Game/Characters/Mannequins/Anims/Rifle,/Game/Animations
/Game/Characters/Mannequins/Anims/Rifle/MM_Rifle_Equip.MM_Rifle_Equip,MM_Rifle_Equip,AnimSequence,/Game/Characters/Mannequins/Anims/Rifle,/Game/Animations
/Game/Characters/Mannequins/Anims/Rifle/MM_Rifle_Fire.MM_Rifle_Fire,MM_Rifle_Fire,AnimSequence,/Game/Characters/Mannequins/Anims/Rifle,/Game/Animations
/Game/Characters/Mannequins/Anims/Rifle/MM_Rifle_Reload.MM_Rifle_Reload,MM_Rifle_Reload,AnimSequence,/Game/Characters/Mannequins/Anims/Rifle,/Game/Animations
/Game/Characters/Mannequins/Anims/Rifle/AIM/MM_Rifle_Idle_ADS_AO_CC.MM_Rifle_Idle_ADS_AO_CC,MM_Rifle_Idle_ADS_AO_CC,AnimSequence,/Game/Characters/Mannequins/Anims/Rifle/AIM,/Game/Animations
/Game/Characters/Mannequins/Anims/Rifle/AIM/MM_Rifle_Idle_ADS_AO_CD.MM_Rifle_Idle_ADS_AO_CD,MM_Rifle_Idle_ADS_AO_CD,AnimSequence,/Game/Characters/Mannequins/Anims/Rifle/AIM,/Game/Animations
/Game/Characters/Mannequins/Anims/Rifle/AIM/MM_Rifle_Idle_ADS_AO_CU.MM_Rifle_Idle_ADS_AO_CU,MM_Rifle_Idle_ADS_AO_CU,AnimSequence,/Game/Characters/Mannequins/Anims/Rifle/AIM,/Game/Animations
/Game/Characters/Mannequins/Anims/Rifle/Jog/MF_Rifle_Jog_Bwd.MF_Rifle_Jog_Bwd,MF_Rifle_Jog_Bwd,AnimSequence,/Game/Characters/Mannequins/Anims/Rifle/Jog,/Game/Animations
/Game/Characters/Mannequins/Anims/Rifle/Jog/MF_Rifle_Jog_Bwd_Left.MF_Rifle_Jog_Bwd_Left,MF_Rifle_Jog_Bwd_Left,AnimSequence,/Game/Characters/Mannequins/Anims/Rifle/Jog,/Game/Animations
/Game/Characters/Mannequins/Anims/Rifle/Jog/MF_Rifle_Jog_Bwd_Right.MF_Rifle_Jog_Bwd_Right,MF_Rifle_Jog_Bwd_Right,AnimSequence,/Game/Characters/Mannequins/Anims/Rifle/Jog,/Game/Animations
/Game/Characters/Mannequins/Anims/Rifle/Jog/MF_Rifle_Jog_Fwd.MF_Rifle_Jog_Fwd,MF_Rifle_Jog_Fwd,AnimSequence,/Game/Characters/Mannequins/Anims/Rifle/Jog,/Game/Animations
/Game/Characters/Mannequins/Anims/Rifle/Jog/MF_Rifle_Jog_Fwd_Left.MF_Rifle_Jog_Fwd_Left,MF_Rifle_Jog_Fwd_Left,AnimSequence,/Game/Characters/Mannequins/Anims/Rifle/Jog,/Game/Animations
/Game/Characters/Mannequins/Anims/Rifle/Jog/MF_Rifle_Jog_Fwd_Right.MF_Rifle_Jog_Fwd_Right,MF_Rifle_Jog_Fwd_Right,AnimSequence,/Game/Characters/Mannequins/Anims/Rifle/Jog,/Game/Animations
/Game/Characters/Mannequins/Anims/Rifle/Jog/MF_Rifle_Jog_Left.MF_Rifle_Jog_Left,MF_Rifle_Jog_Left,AnimSequence,/Game/Characters/Mannequins/Anims/Rifle/Jog,/Game/Animations
/Game/Characters/Mannequins/Anims/Rifle/Jog/MF_Rifle_Jog_Right.MF_Rifle_Jog_Right,MF_Rifle_Jog_Right,AnimSequence,/Game/Characters/Mannequins/Anims/Rifle/Jog,/Game/Animations
/Game/Characters/Mannequins/Anims/Rifle/Jump/MM_Rifle_Jump_Apex.MM_Rifle_Jump_Apex,MM_Rifle_Jump_Apex,AnimSequence,/Game/Characters/Mannequins/Anims/Rifle/Jump,/Game/Animations
/Game/Characters/Mannequins/Anims/Rifle/Jump/MM_Rifle_Jump_Fall_Land.MM_Rifle_Jump_Fall_Land,MM_Rifle_Jump_Fall_Land,AnimSequence,/Game/Characters/Mannequins/Anims/Rifle/Jump,/Game/Animations
/Game/Characters/Mannequins/Anims/Rifle/Jump/MM_Rifle_Jump_Fall_Loop.MM_Rifle_Jump_Fall_Loop,MM_Rifle_Jump_Fall_Loop,AnimSequence,/Game/Characters/Mannequins/Anims/Rifle/Jump,/Game/Animations
/Game/Characters/Mannequins/Anims/Rifle/Jump/MM_Rifle_Jump_RecoveryAdditive.MM_Rifle_Jump_RecoveryAdditive,MM_Rifle_Jump_RecoveryAdditive,AnimSequence,/Game/Characters/Mannequins/Anims/Rifle/Jump,/Game/Animations
/Game/Characters/Mannequins/Anims/Rifle/Jump/MM_Rifle_Jump_Start.MM_Rifle_Jump_Start,MM_Rifle_Jump_Start,AnimSequence,/Game/Characters/Mannequins/Anims/Rifle/Jump,/Game/Animations
/Game/Characters/Mannequins/Anims/Rifle/Jump/MM_Rifle_Jump_Start_Loop.MM_Rifle_Jump_Start_Loop,MM_Rifle_Jump_Start_Loop,AnimSequence,/Game/Characters/Mannequins/Anims/Rifle/Jump,/Game/Animations
/Game/Characters/Mannequins/Anims/Rifle/HitReact/MM_HitReact_Back_Med_01.MM_HitReact_Back_Med_01,MM_HitReact_Back_Med_01,AnimSequence,/Game/Characters/Mannequins/Anims/Rifle/HitReact,/Game/Animations
/Game/Characters/Mannequins/Anims/Rifle/HitReact/MM_HitReact_Front_Hvy_01.MM_HitReact_Front_Hvy_01,MM_HitReact_Front_Hvy_01,AnimSequence,/Game/Characters/Mannequins/Anims/Rifle/HitReact,/Game/Animations
/Game/Characters/Mannequins/Anims/Rifle/HitReact/MM_HitReact_Front_Lgt_01.MM_HitReact_Front_Lgt_01,MM_HitReact_Front_Lgt_01,AnimSequence,/Game/Characters/Mannequins/Anims/Rifle/HitReact,/Game/Animations
/Game/Characters/Mannequins/Anims/Rifle/HitReact/MM_HitReact_Front_Lgt_02.MM_HitReact_Front_Lgt_02,MM_HitReact_Front_Lgt_02,AnimSequence,/Game/Characters/Mannequins/Anims/Rifle/HitReact,/Game/Animations
/Game/Characters/Mannequins/Anims/Rifle/HitReact/MM_HitReact_Front_Lgt_03.MM_HitReact_Front_Lgt_03,MM_HitReact_Front_Lgt_03,AnimSequence,/Game/Characters/Mannequins/Anims/Rifle/HitReact,/Game/Animations
/Game/Characters/Mannequins/Anims/Rifle/HitReact/MM_HitReact_Front_Lgt_04.MM_HitReact_Front_Lgt_04,MM_HitReact_Front_Lgt_04,AnimSequence,/Game/Characters/Mannequins/Anims/Rifle/HitReact,/Game/Animations
/Game/Characters/Mannequins/Anims/Rifle/HitReact/MM_HitReact_Front_Med_01.MM_HitReact_Front_Med_01,MM_HitReact_Front_Med_01,AnimSequence,/Game/Characters/Mannequins/Anims/Rifle/HitReact,/Game/Animations
/Game/Characters/Mannequins/Anims/Rifle/HitReact/MM_HitReact_Front_Med_02.MM_HitReact_Front_Med_02,MM_HitReact_Front_Med_02,AnimSequence,/Game/Characters/Mannequins/Anims/Rifle/HitReact,/Game/Animations
/Game/Characters/Mannequins/Anims/Rifle/Walk/MF_Rifle_Walk_Bwd.MF_Rifle_Walk_Bwd,MF_Rifle_Walk_Bwd,AnimSequence,/Game/Characters/Mannequins/Anims/Rifle/Walk,/Game/Animations
/Game/Characters/Mannequins/Anims/Rifle/Walk/MF_Rifle_Walk_Bwd_Left.MF_Rifle_Walk_Bwd_Left,MF_Rifle_Walk_Bwd_Left,AnimSequence,/Game/Characters/Mannequins/Anims/Rifle/Walk,/Game/Animations
/Game/Characters/Mannequins/Anims/Rifle/Walk/MF_Rifle_Walk_Bwd_Right.MF_Rifle_Walk_Bwd_Right,MF_Rifle_Walk_Bwd_Right,AnimSequence,/Game/Characters/Mannequins/Anims/Rifle/Walk,/Game/Animations
/Game/Characters/Mannequins/Anims/Rifle/Walk/MF_Rifle_Walk_Fwd.MF_Rifle_Walk_Fwd,MF_Rifle_Walk_Fwd,AnimSequence,/Game/Characters/Mannequins/Anims/Rifle/Walk,/Game/Animations
/Game/Characters/Mannequins/Anims/Rifle/Walk/MF_Rifle_Walk_Fwd_Left.MF_Rifle_Walk_Fwd_Left,MF_Rifle_Walk_Fwd_Left,AnimSequence,/Game/Characters/Mannequins/Anims/Rifle/Walk,/Game/Animations
/Game/Characters/Mannequins/Anims/Rifle/Walk/MF_Rifle_Walk_Fwd_Right.MF_Rifle_Walk_Fwd_Right,MF_Rifle_Walk_Fwd_Right,AnimSequence,/Game/Characters/Mannequins/Anims/Rifle/Walk,/Game/Animations
/Game/Characters/Mannequins/Anims/Rifle/Walk/MF_Rifle_Walk_Left.MF_Rifle_Walk_Left,MF_Rifle_Walk_Left,AnimSequence,/Game/Characters/Mannequins/Anims/Rifle/Walk,/Game/Animations
/Game/Characters/Mannequins/Anims/Rifle/Walk/MF_Rifle_Walk_Right.MF_Rifle_Walk_Right,MF_Rifle_Walk_Right,AnimSequence,/Game/Characters/Mannequins/Anims/Rifle/Walk,/Game/Animations
/Game/Characters/Mannequins/Anims/Unarmed/Jump/MM_Dash.MM_Dash,MM_Dash,AnimSequence,/Game/Characters/Mannequins/Anims/Unarmed/Jump,/Game/Animations
/Game/Characters/Mannequins/Anims/Unarmed/Jump/MM_WallJump.MM_WallJump,MM_WallJump,AnimSequence,/Game/Characters/Mannequins/Anims/Unarmed/Jump,/Game/Animations
/Game/Characters/Mannequins/Anims/Unarmed/Attack/MM_Attack_01.MM_Attack_01,MM_Attack_01,AnimSequence,/Game/Characters/Mannequins/Anims/Unarmed/Attack,/Game/Animations
/Game/Characters/Mannequins/Anims/Unarmed/Attack/MM_Attack_02.MM_Attack_02,MM_Attack_02,AnimSequence,/Game/Characters/Mannequins/Anims/Unarmed/Attack,/Game/Animations
/Game/Characters/Mannequins/Anims/Unarmed/Attack/MM_Attack_03.MM_Attack_03,MM_Attack_03,AnimSequence,/Game/Characters/Mannequins/Anims/Unarmed/Attack,/Game/Animations
/Game/Characters/Mannequins/Anims/Unarmed/Attack/MM_ChargedAttack.MM_ChargedAttack,MM_ChargedAttack,AnimSequence,/Game/Characters/Mannequins/Anims/Unarmed/Attack,/Game/Animations
/Game/LevelPrototyping/Materials/MI_PrototypeGrid_Gray_02.MI_PrototypeGrid_Gray_02,MI_PrototypeGrid_Gray_02,MaterialInstanceConstant,/Game/LevelPrototyping/Materials,/Game/Materials
/Game/LevelPrototyping/Materials/MI_PrototypeGrid_TopDark.MI_PrototypeGrid_TopDark,MI_PrototypeGrid_TopDark,MaterialInstanceConstant,/Game/LevelPrototyping/Materials,/Game/Materials
/Game/LevelPrototyping/Meshes/SM_Cube.SM_Cube,SM_Cube,StaticMesh,/Game/LevelPrototyping/Meshes,/Game/Meshes
/Game/LevelPrototyping/Meshes/SM_Ramp.SM_Ramp,SM_Ramp,StaticMesh,/Game/LevelPrototyping/Meshes,/Game/Meshes
/Game/LevelPrototyping/Interactable/Door/BP_DoorFrame.BP_DoorFrame,BP_DoorFrame,Blueprint,/Game/LevelPrototyping/Interactable/Door,/Game/Blueprints
/Game/LevelPrototyping/Interactable/JumpPad/BP_JumpPad.BP_JumpPad,BP_JumpPad,Blueprint,/Game/LevelPrototyping/Interactable/JumpPad,/Game/Blueprints
/Game/LevelPrototyping/Interactable/JumpPad/Assets/NS_JumpPad.NS_JumpPad,NS_JumpPad,NiagaraSystem,/Game/LevelPrototyping/Interactable/JumpPad/Assets,/Game/Effects/Niagara
/Game/LevelPrototyping/Interactable/JumpPad/Assets/Materials/MI_GlowNT.MI_GlowNT,MI_GlowNT,MaterialInstanceConstant,/Game/LevelPrototyping/Interactable/JumpPad/Assets/Materials,/Game/Materials
/Game/LevelPrototyping/Interactable/Target/BP_WobbleTarget.BP_WobbleTarget,BP_WobbleTarget,Blueprint,/Game/LevelPrototyping/Interactable/Target,/Game/Blueprints
/Game/Weapons/Rifle/Materials/M_Rifle.M_Rifle,M_Rifle,Material,/Game/Weapons/Rifle/Materials,/Game/Materials
/Game/Weapons/Rifle/Materials/M_Weapon.M_Weapon,M_Weapon,Material,/Game/Weapons/Rifle/Materials,/Game/Materials
/Game/Weapons/Rifle/Meshes/PA_Rifle.PA_Rifle,PA_Rifle,PhysicsAsset,/Game/Weapons/Rifle/Meshes,/Game/Physics
/Game/Weapons/Rifle/Meshes/SKM_Rifle.SKM_Rifle,SKM_Rifle,SkeletalMesh,/Game/Weapons/Rifle/Meshes,/Game/Characters/Meshes
/Game/Weapons/Rifle/Meshes/SM_Rifle.SM_Rifle,SM_Rifle,StaticMesh,/Game/Weapons/Rifle/Meshes,/Game/Meshes
/Game/Weapons/Rifle/Textures/T_Rifle_BC.T_Rifle_BC,T_Rifle_BC,Texture2D,/Game/Weapons/Rifle/Textures,/Game/Textures
/Game/Weapons/Rifle/Textures/T_Rifle_N.T_Rifle_N,T_Rifle_N,Texture2D,/Game/Weapons/Rifle/Textures,/Game/Textures
/Game/Weapons/GrenadeLauncher/Meshes/FirstPersonProjectileMesh.FirstPersonProjectileMesh,FirstPersonProjectileMesh,StaticMesh,/Game/Weapons/GrenadeLauncher/Meshes,/Game/Meshes
/Game/Weapons/GrenadeLauncher/Meshes/PA_GrenadeLauncher.PA_GrenadeLauncher,PA_GrenadeLauncher,PhysicsAsset,/Game/Weapons/GrenadeLauncher/Meshes,/Game/Physics
/Game/Weapons/GrenadeLauncher/Meshes/SKM_GrenadeLauncher.SKM_GrenadeLauncher,SKM_GrenadeLauncher,SkeletalMesh,/Game/Weapons/GrenadeLauncher/Meshes,/Game/Characters/Meshes
/Game/Weapons/GrenadeLauncher/Meshes/SM_GrenadeLauncher.SM_GrenadeLauncher,SM_GrenadeLauncher,StaticMesh,/Game/Weapons/GrenadeLauncher/Meshes,/Game/Meshes
/Game/Weapons/GrenadeLauncher/Materials/M_GrenadeLauncher.M_GrenadeLauncher,M_GrenadeLauncher,Material,/Game/Weapons/GrenadeLauncher/Materials,/Game/Materials
/Game/Weapons/GrenadeLauncher/Materials/M_ProjectileBullet.M_ProjectileBullet,M_ProjectileBullet,Material,/Game/Weapons/GrenadeLauncher/Materials,/Game/Materials
/Game/Weapons/GrenadeLauncher/Audio/FirstPersonTemplateWeaponFire02.FirstPersonTemplateWeaponFire02,FirstPersonTemplateWeaponFire02,SoundWave,/Game/Weapons/GrenadeLauncher/Audio,/Game/Audio
/Game/Weapons/GrenadeLauncher/Textures/T_FPGun_M.T_FPGun_M,T_FPGun_M,Texture2D,/Game/Weapons/GrenadeLauncher/Textures,/Game/Textures
/Game/Weapons/GrenadeLauncher/Textures/T_FPGun_N.T_FPGun_N,T_FPGun_N,Texture2D,/Game/Weapons/GrenadeLauncher/Textures,/Game/Textures
/Game/Weapons/Pistol/Materials/MI_Weapon_Pistol.MI_Weapon_Pistol,MI_Weapon_Pistol,MaterialInstanceConstant,/Game/Weapons/Pistol/Materials,/Game/Materials
/Game/Weapons/Pistol/Meshes/PA_Pistol.PA_Pistol,PA_Pistol,PhysicsAsset,/Game/Weapons/Pistol/Meshes,/Game/Physics
/Game/Weapons/Pistol/Meshes/SKM_Pistol.SKM_Pistol,SKM_Pistol,SkeletalMesh,/Game/Weapons/Pistol/Meshes,/Game/Characters/Meshes
/Game/Weapons/Pistol/Meshes/SM_Pistol.SM_Pistol,SM_Pistol,StaticMesh,/Game/Weapons/Pistol/Meshes,/Game/Meshes
/Game/Weapons/Pistol/Textures/T_Pistol_AORM.T_Pistol_AORM,T_Pistol_AORM,Texture2D,/Game/Weapons/Pistol/Textures,/Game/Textures
/Game/Weapons/Pistol/Textures/T_Pistol_D.T_Pistol_D,T_Pistol_D,Texture2D,/Game/Weapons/Pistol/Textures,/Game/Textures
/Game/Weapons/Pistol/Textures/T_Pistol_Masks.T_Pistol_Masks,T_Pistol_Masks,Texture2D,/Game/Weapons/Pistol/Textures,/Game/Textures
/Game/Weapons/Pistol/Textures/T_Pistol_N.T_Pistol_N,T_Pistol_N,Texture2D,/Game/Weapons/Pistol/Textures,/Game/Textures
